<?xml version="1.0" encoding="utf-8" ?>
<gadget>
  <name>PCBalance</name>
  <version>1.0</version>
  <description>Displays PaperCut MF printing balance.</description>

  <author name="PaperCut Software">
    <info url="https://www.papercut.com/" />
    <logo src="images/icon-64.png" />
  </author>
  <copyright>&#169; PaperCut Software International Pty Ltd 1999-2023</copyright>

  <icons>
    <icon height="64" width="64" src="images/icon-64.png" />
  </icons>
  <hosts>
    <host name="sidebar">
      <base type="HTML" apiVersion="1.0.0" src="PCBalance.html" />
      <permissions>Full</permissions>
      <platform minPlatformVersion="1.0" />
      <defaultImage src="images/icon-64.png" />
    </host>
  </hosts>
</gadget>
