﻿<?xml version="1.0" encoding="utf-8"?>
<SharedProductData xmlns:xsi="http://www.w3.org/2001/XMLSchema-instance" xmlns:xsd="http://www.w3.org/2001/XMLSchema">
  <ReleaseDescriptorNoSpaces>XeroxAltaLinkB80xx</ReleaseDescriptorNoSpaces>
  <ReleaseDescriptorWithSpaces>Xerox AltaLink B8045/B8055/B8065/B8075/B8090</ReleaseDescriptorWithSpaces>
  <RecommendedPdl>PS</RecommendedPdl>
  <V4DriverPDL>PS</V4DriverPDL>
  <V4DriverPDL>PCL6</V4DriverPDL>
  <V4DriverPDL>XPS</V4DriverPDL>
  <CWISColorLevelsLink>http://{0}/status/consumables.php</CWISColorLevelsLink>
  <CWISPaperLevelsLink>http://{0}/status/trays.php</CWISPaperLevelsLink>
  <DefaultRegistrationModel>ALB80XX</DefaultRegistrationModel>
  <capabilities>
    <ControllerFamily>DISCOVERY</ControllerFamily>
    <ControllerFamilyVersion>2.0</ControllerFamilyVersion>
    <PowerEngageSupport>Available</PowerEngageSupport>
    <!-- Microsoft's Auto-Config requires firmware update to D2.1 (e.g. SMP-1) or later. -->
    <MicrosoftWsdMonAutoConfig>SupportedPostLaunch</MicrosoftWsdMonAutoConfig>
    <MicrosoftTcpMonAutoConfig>SupportedPostLaunch</MicrosoftTcpMonAutoConfig>
    <XBDSLevel>1.0</XBDSLevel>
    <XCPTLevel>1.0</XCPTLevel>
    <CBRLevel>1.0</CBRLevel>
    <ColorCapability>Monochrome</ColorCapability>
    <MediaTypeTranslation>Office</MediaTypeTranslation>
    <LDAPPhonebook>Available</LDAPPhonebook>
  </capabilities>
  <models>
    <PrinterModel>
      <ModelName>Xerox AltaLink B8045</ModelName>
	  <Mimic>XeroxAltaLinkB80xx_48.png</Mimic>
	  <Mimic256>XeroxAltaLinkB80xx_256.png</Mimic256>
      <SysObjectIds>
        <string>1.3.6.1.4.1.253.8.62.1.35.1.1</string>
      </SysObjectIds>
      <USBProductId>8DE5</USBProductId>
      <RatedSpeed>45</RatedSpeed>
      <HardwareId>XeroxAltaLink_B80455037</HardwareId>
      <ConditionalModelDesignation>B8045</ConditionalModelDesignation>
      <WebLinkModelId>ALB80XX</WebLinkModelId>
      <DeviceStageIconName>dm_Snowdon_ALB80XX</DeviceStageIconName>
      <PowerengageBrand>AltaLink</PowerengageBrand>
      <PowerengageModel>B8045</PowerengageModel>
    </PrinterModel>
    <PrinterModel>
      <ModelName>Xerox AltaLink B8055</ModelName>
	  <Mimic>XeroxAltaLinkB80xx_48.png</Mimic>
	  <Mimic256>XeroxAltaLinkB80xx_256.png</Mimic256>
      <SysObjectIds>
        <string>1.3.6.1.4.1.253.8.62.1.35.1.2</string>
      </SysObjectIds>
      <USBProductId>8DE6</USBProductId>
      <RatedSpeed>55</RatedSpeed>
      <HardwareId>XeroxAltaLink_B8055C036</HardwareId>
      <ConditionalModelDesignation>B8055</ConditionalModelDesignation>
      <WebLinkModelId>ALB80XX</WebLinkModelId>
      <DeviceStageIconName>dm_Snowdon_ALB80XX</DeviceStageIconName>
      <PowerengageBrand>AltaLink</PowerengageBrand>
      <PowerengageModel>B8055</PowerengageModel>
    </PrinterModel>
    <PrinterModel>
      <ModelName>Xerox AltaLink B8065</ModelName>
	  <Mimic>XeroxAltaLinkB80xx_48.png</Mimic>
	  <Mimic256>XeroxAltaLinkB80xx_256.png</Mimic256>
      <SysObjectIds>
        <string>1.3.6.1.4.1.253.8.62.1.35.1.3</string>
      </SysObjectIds>
      <USBProductId>8DE7</USBProductId>
      <RatedSpeed>65</RatedSpeed>
      <HardwareId>XeroxAltaLink_B80653036</HardwareId>
      <ConditionalModelDesignation>B8065</ConditionalModelDesignation>
      <WebLinkModelId>ALB80XX</WebLinkModelId>
      <DeviceStageIconName>dm_Snowdon_ALB80XX</DeviceStageIconName>
      <PowerengageBrand>AltaLink</PowerengageBrand>
      <PowerengageModel>B8065</PowerengageModel>
    </PrinterModel>
    <PrinterModel>
      <ModelName>Xerox AltaLink B8075</ModelName>
	  <Mimic>XeroxAltaLinkB80xx_48.png</Mimic>
	  <Mimic256>XeroxAltaLinkB80xx_256.png</Mimic256>
      <SysObjectIds>
        <string>1.3.6.1.4.1.253.8.62.1.35.1.4</string>
      </SysObjectIds>
      <USBProductId>8DE8</USBProductId>
      <RatedSpeed>75</RatedSpeed>
      <HardwareId>XeroxAltaLink_B8075A037</HardwareId>
      <ConditionalModelDesignation>B8075</ConditionalModelDesignation>
      <WebLinkModelId>ALB80XX</WebLinkModelId>
      <DeviceStageIconName>dm_Snowdon_ALB80XX</DeviceStageIconName>
      <PowerengageBrand>AltaLink</PowerengageBrand>
      <PowerengageModel>B8075</PowerengageModel>
    </PrinterModel>
    <PrinterModel>
      <ModelName>Xerox AltaLink B8090</ModelName>
	  <Mimic>XeroxAltaLinkB80xx_48.png</Mimic>
	  <Mimic256>XeroxAltaLinkB80xx_256.png</Mimic256>
      <SysObjectIds>
        <string>1.3.6.1.4.1.253.8.62.1.35.1.5</string>
      </SysObjectIds>
      <USBProductId>8DE9</USBProductId>
      <RatedSpeed>90</RatedSpeed>
      <HardwareId>XeroxAltaLink_B8090C3F3</HardwareId>
      <ConditionalModelDesignation>B8090</ConditionalModelDesignation>
      <WebLinkModelId>ALB80XX</WebLinkModelId>
      <DeviceStageIconName>dm_Snowdon_ALB80XX</DeviceStageIconName>
      <PowerengageBrand>AltaLink</PowerengageBrand>
      <PowerengageModel>B8090</PowerengageModel>
    </PrinterModel>
  </models>
</SharedProductData>