﻿<?xml version="1.0" encoding="utf-8"?>
<SharedProductData xmlns:xsi="http://www.w3.org/2001/XMLSchema-instance" xmlns:xsd="http://www.w3.org/2001/XMLSchema">
  <ReleaseDescriptorNoSpaces>XeroxAltaLinkC80xx</ReleaseDescriptorNoSpaces>
  <ReleaseDescriptorWithSpaces>Xerox AltaLink C8030/C8035/C8045/C8055/C8070</ReleaseDescriptorWithSpaces>
  <RecommendedPdl>PS</RecommendedPdl>
  <V4DriverPDL>XPS</V4DriverPDL>
  <V4DriverPDL>PS</V4DriverPDL>
  <V4DriverPDL>PCL6</V4DriverPDL>
  <CWISColorLevelsLink>http://{0}/status/consumables.php</CWISColorLevelsLink>
  <CWISPaperLevelsLink>http://{0}/status/trays.php</CWISPaperLevelsLink>
  <DefaultRegistrationModel>ALC80XX</DefaultRegistrationModel>
  <capabilities>
    <ControllerFamily>DISCOVERY</ControllerFamily>
    <ControllerFamilyVersion>2.0</ControllerFamilyVersion>
    <PowerEngageSupport>Available</PowerEngageSupport>
    <!-- Microsoft's Auto-Config requires firmware update to D2.1 (e.g. SMP-1) or later. -->
    <MicrosoftWsdMonAutoConfig>SupportedPostLaunch</MicrosoftWsdMonAutoConfig>
    <MicrosoftTcpMonAutoConfig>SupportedPostLaunch</MicrosoftTcpMonAutoConfig>
    <XBDSLevel>1.0</XBDSLevel>
    <XCPTLevel>1.0</XCPTLevel>
    <CBRLevel>1.0</CBRLevel>
    <ColorCapability>Color</ColorCapability>
    <MediaTypeTranslation>Office</MediaTypeTranslation>
    <LDAPPhonebook>Available</LDAPPhonebook>
  </capabilities>
  <models>
    <PrinterModel>
      <ModelName>Xerox AltaLink C8030</ModelName>
	  <Mimic>XeroxAltaLinkC80xx_48.png</Mimic>
	  <Mimic256>XeroxAltaLinkC80xx_256.png</Mimic256>
      <SysObjectIds>
        <string>1.3.6.1.4.1.253.8.62.1.35.2.1</string>
      </SysObjectIds>
      <USBProductId>8E09</USBProductId>
      <RatedSpeed>30</RatedSpeed>
      <HardwareId>XeroxAltaLink_C8030A3C8</HardwareId>
      <ConditionalModelDesignation>C8030</ConditionalModelDesignation>
      <WebLinkModelId>ALC80XX</WebLinkModelId>
      <DeviceStageIconName>dm_Skylight</DeviceStageIconName>
      <PowerengageBrand>AltaLink</PowerengageBrand>
      <PowerengageModel>C8030</PowerengageModel>
    </PrinterModel>
    <PrinterModel>
      <ModelName>Xerox AltaLink C8035</ModelName>
	  <Mimic>XeroxAltaLinkC80xx_48.png</Mimic>
	  <Mimic256>XeroxAltaLinkC80xx_256.png</Mimic256>
      <SysObjectIds>
        <string>1.3.6.1.4.1.253.8.62.1.35.2.2</string>
      </SysObjectIds>
      <USBProductId>8E0A</USBProductId>
      <RatedSpeed>35</RatedSpeed>
      <HardwareId>XeroxAltaLink_C8035A008</HardwareId>
      <ConditionalModelDesignation>C8035</ConditionalModelDesignation>
      <WebLinkModelId>ALC80XX</WebLinkModelId>
      <DeviceStageIconName>dm_Skylight</DeviceStageIconName>
      <PowerengageBrand>AltaLink</PowerengageBrand>
      <PowerengageModel>C8035</PowerengageModel>
    </PrinterModel>
    <PrinterModel>
      <ModelName>Xerox AltaLink C8045</ModelName>
	  <Mimic>XeroxAltaLinkC80xx_48.png</Mimic>
	  <Mimic256>XeroxAltaLinkC80xx_256.png</Mimic256>
      <SysObjectIds>
        <string>1.3.6.1.4.1.253.8.62.1.35.2.3</string>
      </SysObjectIds>
      <USBProductId>8E0B</USBProductId>
      <RatedSpeed>45</RatedSpeed>
      <HardwareId>XeroxAltaLink_C8045900A</HardwareId>
      <ConditionalModelDesignation>C8045</ConditionalModelDesignation>
      <WebLinkModelId>ALC80XX</WebLinkModelId>
      <DeviceStageIconName>dm_Skylight</DeviceStageIconName>
      <PowerengageBrand>AltaLink</PowerengageBrand>
      <PowerengageModel>C8045</PowerengageModel>
    </PrinterModel>
    <PrinterModel>
      <ModelName>Xerox AltaLink C8055</ModelName>
	  <Mimic>XeroxAltaLinkC80xx_48.png</Mimic>
	  <Mimic256>XeroxAltaLinkC80xx_256.png</Mimic256>
      <SysObjectIds>
        <string>1.3.6.1.4.1.253.8.62.1.35.2.4</string>
      </SysObjectIds>
      <USBProductId>8E0C</USBProductId>
      <RatedSpeed>55</RatedSpeed>
      <HardwareId>XeroxAltaLink_C8055000B</HardwareId>
      <ConditionalModelDesignation>C8055</ConditionalModelDesignation>
      <WebLinkModelId>ALC80XX</WebLinkModelId>
      <DeviceStageIconName>dm_Skylight</DeviceStageIconName>
      <PowerengageBrand>AltaLink</PowerengageBrand>
      <PowerengageModel>C8055</PowerengageModel>
    </PrinterModel>
    <PrinterModel>
      <ModelName>Xerox AltaLink C8070</ModelName>
	  <Mimic>XeroxAltaLinkC80xx_48.png</Mimic>
	  <Mimic256>XeroxAltaLinkC80xx_256.png</Mimic256>
      <SysObjectIds>
        <string>1.3.6.1.4.1.253.8.62.1.35.2.5</string>
      </SysObjectIds>
      <USBProductId>8E0D</USBProductId>
      <RatedSpeed>70</RatedSpeed>
      <HardwareId>XeroxAltaLink_C807063CA</HardwareId>
      <ConditionalModelDesignation>C8070</ConditionalModelDesignation>
      <WebLinkModelId>ALC80XX</WebLinkModelId>
      <DeviceStageIconName>dm_Skylight</DeviceStageIconName>
      <PowerengageBrand>AltaLink</PowerengageBrand>
      <PowerengageModel>C8070</PowerengageModel>
    </PrinterModel>
  </models>
</SharedProductData>